iteration,prefix,full_sentence,is_valid,reward,grammar_reward,noun_tag_dist,verb_tag_dist,adjective_tag_dist,axis_distance,error
1,CITY,CITY SPREAD,0,1.2032,1.0000,1.0000,1.0000,0.0000,0.0162,Semantic constraint violated: Verb 'SPREAD' is incompatible with subject 'CITY' (adjectives=[]): tag or axis constraint not satisfied.
2,CITY,CITY BURN,0,1.2567,1.0000,1.0000,1.0000,0.0000,0.2836,Semantic constraint violated: Verb 'BURN' is incompatible with subject 'CITY' (adjectives=[]): tag or axis constraint not satisfied.
3,CITY,CITY BURN,0,1.2567,1.0000,1.0000,1.0000,0.0000,0.2836,Semantic constraint violated: Verb 'BURN' is incompatible with subject 'CITY' (adjectives=[]): tag or axis constraint not satisfied.
4,CITY,CITY FALL,0,1.2676,1.0000,1.0000,1.0000,0.0000,0.3378,Semantic constraint violated: Verb 'FALL' is incompatible with subject 'CITY' (adjectives=[]): tag or axis constraint not satisfied.
5,CITY,CITY BURN,0,1.2567,1.0000,1.0000,1.0000,0.0000,0.2836,Semantic constraint violated: Verb 'BURN' is incompatible with subject 'CITY' (adjectives=[]): tag or axis constraint not satisfied.
6,CITY,CITY BURN,0,1.2567,1.0000,1.0000,1.0000,0.0000,0.2836,Semantic constraint violated: Verb 'BURN' is incompatible with subject 'CITY' (adjectives=[]): tag or axis constraint not satisfied.
7,CITY,CITY GROW,0,1.2480,1.0000,1.0000,1.0000,0.0000,0.2399,Semantic constraint violated: Verb 'GROW' is incompatible with subject 'CITY' (adjectives=[]): tag or axis constraint not satisfied.
8,CITY,CITY FALL,0,1.2676,1.0000,1.0000,1.0000,0.0000,0.3378,Semantic constraint violated: Verb 'FALL' is incompatible with subject 'CITY' (adjectives=[]): tag or axis constraint not satisfied.
9,CITY,CITY FALL,0,1.2676,1.0000,1.0000,1.0000,0.0000,0.3378,Semantic constraint violated: Verb 'FALL' is incompatible with subject 'CITY' (adjectives=[]): tag or axis constraint not satisfied.
10,CITY,CITY BURN,0,1.2567,1.0000,1.0000,1.0000,0.0000,0.2836,Semantic constraint violated: Verb 'BURN' is incompatible with subject 'CITY' (adjectives=[]): tag or axis constraint not satisfied.
11,CITY,CITY FALL GROW,0,1.2544,1.0000,1.0000,1.0000,0.0000,0.2720,Semantic constraint violated: Verb 'FALL' is incompatible with subject 'CITY' (adjectives=[]): tag or axis constraint not satisfied.
12,CITY,CITY FALL,0,1.2676,1.0000,1.0000,1.0000,0.0000,0.3378,Semantic constraint violated: Verb 'FALL' is incompatible with subject 'CITY' (adjectives=[]): tag or axis constraint not satisfied.
13,CITY,CITY FALL,0,1.2676,1.0000,1.0000,1.0000,0.0000,0.3378,Semantic constraint violated: Verb 'FALL' is incompatible with subject 'CITY' (adjectives=[]): tag or axis constraint not satisfied.
14,CITY,CITY BURN,0,1.2567,1.0000,1.0000,1.0000,0.0000,0.2836,Semantic constraint violated: Verb 'BURN' is incompatible with subject 'CITY' (adjectives=[]): tag or axis constraint not satisfied.
15,CITY,CITY BURN,0,1.2567,1.0000,1.0000,1.0000,0.0000,0.2836,Semantic constraint violated: Verb 'BURN' is incompatible with subject 'CITY' (adjectives=[]): tag or axis constraint not satisfied.
16,CITY,CITY BURN,0,1.2567,1.0000,1.0000,1.0000,0.0000,0.2836,Semantic constraint violated: Verb 'BURN' is incompatible with subject 'CITY' (adjectives=[]): tag or axis constraint not satisfied.
17,CITY,CITY FALL,0,1.2676,1.0000,1.0000,1.0000,0.0000,0.3378,Semantic constraint violated: Verb 'FALL' is incompatible with subject 'CITY' (adjectives=[]): tag or axis constraint not satisfied.
18,CITY,CITY BURN,0,1.2567,1.0000,1.0000,1.0000,0.0000,0.2836,Semantic constraint violated: Verb 'BURN' is incompatible with subject 'CITY' (adjectives=[]): tag or axis constraint not satisfied.
19,CITY,CITY FALL,0,1.2676,1.0000,1.0000,1.0000,0.0000,0.3378,Semantic constraint violated: Verb 'FALL' is incompatible with subject 'CITY' (adjectives=[]): tag or axis constraint not satisfied.
20,CITY,CITY FALL,0,1.2676,1.0000,1.0000,1.0000,0.0000,0.3378,Semantic constraint violated: Verb 'FALL' is incompatible with subject 'CITY' (adjectives=[]): tag or axis constraint not satisfied.
21,CITY,CITY FALL,0,1.2676,1.0000,1.0000,1.0000,0.0000,0.3378,Semantic constraint violated: Verb 'FALL' is incompatible with subject 'CITY' (adjectives=[]): tag or axis constraint not satisfied.
22,CITY,CITY FALL,0,1.2676,1.0000,1.0000,1.0000,0.0000,0.3378,Semantic constraint violated: Verb 'FALL' is incompatible with subject 'CITY' (adjectives=[]): tag or axis constraint not satisfied.
23,CITY,CITY FALL,0,1.2676,1.0000,1.0000,1.0000,0.0000,0.3378,Semantic constraint violated: Verb 'FALL' is incompatible with subject 'CITY' (adjectives=[]): tag or axis constraint not satisfied.
24,CITY,CITY BURN,0,1.2567,1.0000,1.0000,1.0000,0.0000,0.2836,Semantic constraint violated: Verb 'BURN' is incompatible with subject 'CITY' (adjectives=[]): tag or axis constraint not satisfied.
25,CITY,CITY FALL,0,1.2676,1.0000,1.0000,1.0000,0.0000,0.3378,Semantic constraint violated: Verb 'FALL' is incompatible with subject 'CITY' (adjectives=[]): tag or axis constraint not satisfied.
26,CITY,CITY BURN,0,1.2567,1.0000,1.0000,1.0000,0.0000,0.2836,Semantic constraint violated: Verb 'BURN' is incompatible with subject 'CITY' (adjectives=[]): tag or axis constraint not satisfied.
27,CITY,CITY BURN,0,1.2567,1.0000,1.0000,1.0000,0.0000,0.2836,Semantic constraint violated: Verb 'BURN' is incompatible with subject 'CITY' (adjectives=[]): tag or axis constraint not satisfied.
28,CITY,CITY FALL,0,1.2676,1.0000,1.0000,1.0000,0.0000,0.3378,Semantic constraint violated: Verb 'FALL' is incompatible with subject 'CITY' (adjectives=[]): tag or axis constraint not satisfied.
29,CITY,CITY FALL,0,1.2676,1.0000,1.0000,1.0000,0.0000,0.3378,Semantic constraint violated: Verb 'FALL' is incompatible with subject 'CITY' (adjectives=[]): tag or axis constraint not satisfied.
30,CITY,CITY BURN,0,1.2567,1.0000,1.0000,1.0000,0.0000,0.2836,Semantic constraint violated: Verb 'BURN' is incompatible with subject 'CITY' (adjectives=[]): tag or axis constraint not satisfied.
31,CITY,CITY BURN,0,1.2567,1.0000,1.0000,1.0000,0.0000,0.2836,Semantic constraint violated: Verb 'BURN' is incompatible with subject 'CITY' (adjectives=[]): tag or axis constraint not satisfied.
32,CITY,CITY BURN,0,1.2567,1.0000,1.0000,1.0000,0.0000,0.2836,Semantic constraint violated: Verb 'BURN' is incompatible with subject 'CITY' (adjectives=[]): tag or axis constraint not satisfied.
33,CITY,CITY BURN,0,1.2567,1.0000,1.0000,1.0000,0.0000,0.2836,Semantic constraint violated: Verb 'BURN' is incompatible with subject 'CITY' (adjectives=[]): tag or axis constraint not satisfied.
34,CITY,CITY SPREAD,0,1.2032,1.0000,1.0000,1.0000,0.0000,0.0162,Semantic constraint violated: Verb 'SPREAD' is incompatible with subject 'CITY' (adjectives=[]): tag or axis constraint not satisfied.
35,CITY,CITY FALL,0,1.2676,1.0000,1.0000,1.0000,0.0000,0.3378,Semantic constraint violated: Verb 'FALL' is incompatible with subject 'CITY' (adjectives=[]): tag or axis constraint not satisfied.
36,CITY,CITY FALL,0,1.2676,1.0000,1.0000,1.0000,0.0000,0.3378,Semantic constraint violated: Verb 'FALL' is incompatible with subject 'CITY' (adjectives=[]): tag or axis constraint not satisfied.
37,CITY,CITY BURN,0,1.2567,1.0000,1.0000,1.0000,0.0000,0.2836,Semantic constraint violated: Verb 'BURN' is incompatible with subject 'CITY' (adjectives=[]): tag or axis constraint not satisfied.
38,CITY,CITY TALK,0,1.2274,1.0000,1.0000,1.0000,0.0000,0.1370,Semantic constraint violated: Verb 'TALK' is incompatible with subject 'CITY' (adjectives=[]): tag or axis constraint not satisfied.
39,CITY,CITY BURN,0,1.2567,1.0000,1.0000,1.0000,0.0000,0.2836,Semantic constraint violated: Verb 'BURN' is incompatible with subject 'CITY' (adjectives=[]): tag or axis constraint not satisfied.
40,CITY,CITY GROW,0,1.2480,1.0000,1.0000,1.0000,0.0000,0.2399,Semantic constraint violated: Verb 'GROW' is incompatible with subject 'CITY' (adjectives=[]): tag or axis constraint not satisfied.
41,CITY,CITY BURN,0,1.2567,1.0000,1.0000,1.0000,0.0000,0.2836,Semantic constraint violated: Verb 'BURN' is incompatible with subject 'CITY' (adjectives=[]): tag or axis constraint not satisfied.
42,PRISON,PRISON GROW,0,1.2306,1.0000,1.0000,1.0000,0.0000,0.1532,Semantic constraint violated: Verb 'GROW' is incompatible with subject 'PRISON' (adjectives=[]): tag or axis constraint not satisfied.
43,CITY,CITY FALL,0,1.2676,1.0000,1.0000,1.0000,0.0000,0.3378,Semantic constraint violated: Verb 'FALL' is incompatible with subject 'CITY' (adjectives=[]): tag or axis constraint not satisfied.
44,CITY,CITY FALL,0,1.2676,1.0000,1.0000,1.0000,0.0000,0.3378,Semantic constraint violated: Verb 'FALL' is incompatible with subject 'CITY' (adjectives=[]): tag or axis constraint not satisfied.
45,CITY,CITY FALL,0,1.2676,1.0000,1.0000,1.0000,0.0000,0.3378,Semantic constraint violated: Verb 'FALL' is incompatible with subject 'CITY' (adjectives=[]): tag or axis constraint not satisfied.
46,CITY,CITY FALL,0,1.2676,1.0000,1.0000,1.0000,0.0000,0.3378,Semantic constraint violated: Verb 'FALL' is incompatible with subject 'CITY' (adjectives=[]): tag or axis constraint not satisfied.
47,CITY,CITY BURN,0,1.2567,1.0000,1.0000,1.0000,0.0000,0.2836,Semantic constraint violated: Verb 'BURN' is incompatible with subject 'CITY' (adjectives=[]): tag or axis constraint not satisfied.
48,CITY,CITY FALL,0,1.2676,1.0000,1.0000,1.0000,0.0000,0.3378,Semantic constraint violated: Verb 'FALL' is incompatible with subject 'CITY' (adjectives=[]): tag or axis constraint not satisfied.
49,CITY,CITY FALL,0,1.2676,1.0000,1.0000,1.0000,0.0000,0.3378,Semantic constraint violated: Verb 'FALL' is incompatible with subject 'CITY' (adjectives=[]): tag or axis constraint not satisfied.
50,CITY,CITY FALL,0,1.2676,1.0000,1.0000,1.0000,0.0000,0.3378,Semantic constraint violated: Verb 'FALL' is incompatible with subject 'CITY' (adjectives=[]): tag or axis constraint not satisfied.
51,CITY,CITY BURN,0,1.2567,1.0000,1.0000,1.0000,0.0000,0.2836,Semantic constraint violated: Verb 'BURN' is incompatible with subject 'CITY' (adjectives=[]): tag or axis constraint not satisfied.
52,CITY,CITY BURN,0,1.2567,1.0000,1.0000,1.0000,0.0000,0.2836,Semantic constraint violated: Verb 'BURN' is incompatible with subject 'CITY' (adjectives=[]): tag or axis constraint not satisfied.
53,CITY,CITY GROW,0,1.2480,1.0000,1.0000,1.0000,0.0000,0.2399,Semantic constraint violated: Verb 'GROW' is incompatible with subject 'CITY' (adjectives=[]): tag or axis constraint not satisfied.
54,CITY,CITY FALL,0,1.2676,1.0000,1.0000,1.0000,0.0000,0.3378,Semantic constraint violated: Verb 'FALL' is incompatible with subject 'CITY' (adjectives=[]): tag or axis constraint not satisfied.
55,CITY,CITY BURN,0,1.2567,1.0000,1.0000,1.0000,0.0000,0.2836,Semantic constraint violated: Verb 'BURN' is incompatible with subject 'CITY' (adjectives=[]): tag or axis constraint not satisfied.
56,CITY,CITY BURN,0,1.2567,1.0000,1.0000,1.0000,0.0000,0.2836,Semantic constraint violated: Verb 'BURN' is incompatible with subject 'CITY' (adjectives=[]): tag or axis constraint not satisfied.
57,CITY,CITY BURN,0,1.2567,1.0000,1.0000,1.0000,0.0000,0.2836,Semantic constraint violated: Verb 'BURN' is incompatible with subject 'CITY' (adjectives=[]): tag or axis constraint not satisfied.
58,CITY,CITY FALL,0,1.2676,1.0000,1.0000,1.0000,0.0000,0.3378,Semantic constraint violated: Verb 'FALL' is incompatible with subject 'CITY' (adjectives=[]): tag or axis constraint not satisfied.
59,CITY,CITY FALL,0,1.2676,1.0000,1.0000,1.0000,0.0000,0.3378,Semantic constraint violated: Verb 'FALL' is incompatible with subject 'CITY' (adjectives=[]): tag or axis constraint not satisfied.
60,CITY,CITY FALL,0,1.2676,1.0000,1.0000,1.0000,0.0000,0.3378,Semantic constraint violated: Verb 'FALL' is incompatible with subject 'CITY' (adjectives=[]): tag or axis constraint not satisfied.
61,CITY,CITY BURN,0,1.2567,1.0000,1.0000,1.0000,0.0000,0.2836,Semantic constraint violated: Verb 'BURN' is incompatible with subject 'CITY' (adjectives=[]): tag or axis constraint not satisfied.
62,CITY,CITY FALL,0,1.2676,1.0000,1.0000,1.0000,0.0000,0.3378,Semantic constraint violated: Verb 'FALL' is incompatible with subject 'CITY' (adjectives=[]): tag or axis constraint not satisfied.
63,CITY,CITY BURN,0,1.2567,1.0000,1.0000,1.0000,0.0000,0.2836,Semantic constraint violated: Verb 'BURN' is incompatible with subject 'CITY' (adjectives=[]): tag or axis constraint not satisfied.
64,CITY,CITY BURN RUN,0,1.2629,1.0000,1.0000,1.0000,0.0000,0.3145,Semantic constraint violated: Verb 'BURN' is incompatible with subject 'CITY' (adjectives=[]): tag or axis constraint not satisfied.
65,CITY,CITY FALL,0,1.2676,1.0000,1.0000,1.0000,0.0000,0.3378,Semantic constraint violated: Verb 'FALL' is incompatible with subject 'CITY' (adjectives=[]): tag or axis constraint not satisfied.
66,CITY,CITY FALL,0,1.2676,1.0000,1.0000,1.0000,0.0000,0.3378,Semantic constraint violated: Verb 'FALL' is incompatible with subject 'CITY' (adjectives=[]): tag or axis constraint not satisfied.
67,CITY,CITY BURN,0,1.2567,1.0000,1.0000,1.0000,0.0000,0.2836,Semantic constraint violated: Verb 'BURN' is incompatible with subject 'CITY' (adjectives=[]): tag or axis constraint not satisfied.
68,CITY,CITY FALL,0,1.2676,1.0000,1.0000,1.0000,0.0000,0.3378,Semantic constraint violated: Verb 'FALL' is incompatible with subject 'CITY' (adjectives=[]): tag or axis constraint not satisfied.
69,CITY,CITY BURN,0,1.2567,1.0000,1.0000,1.0000,0.0000,0.2836,Semantic constraint violated: Verb 'BURN' is incompatible with subject 'CITY' (adjectives=[]): tag or axis constraint not satisfied.
70,CLEAN CITY,CLEAN CITY SPREAD SPREAD,0,1.3019,1.0000,1.0000,1.0000,1.0000,0.0095,Semantic constraint violated: Verb 'SPREAD' is incompatible with subject 'CITY' (adjectives=['CLEAN']): tag or axis constraint not satisfied.
71,CITY,CITY FALL,0,1.2676,1.0000,1.0000,1.0000,0.0000,0.3378,Semantic constraint violated: Verb 'FALL' is incompatible with subject 'CITY' (adjectives=[]): tag or axis constraint not satisfied.
72,CITY,CITY BURN,0,1.2567,1.0000,1.0000,1.0000,0.0000,0.2836,Semantic constraint violated: Verb 'BURN' is incompatible with subject 'CITY' (adjectives=[]): tag or axis constraint not satisfied.
73,CITY,CITY FALL,0,1.2676,1.0000,1.0000,1.0000,0.0000,0.3378,Semantic constraint violated: Verb 'FALL' is incompatible with subject 'CITY' (adjectives=[]): tag or axis constraint not satisfied.
74,CITY,CITY SPREAD,0,1.2032,1.0000,1.0000,1.0000,0.0000,0.0162,Semantic constraint violated: Verb 'SPREAD' is incompatible with subject 'CITY' (adjectives=[]): tag or axis constraint not satisfied.
75,CITY,CITY BURN FALL,0,1.2610,1.0000,1.0000,1.0000,0.0000,0.3050,Semantic constraint violated: Verb 'BURN' is incompatible with subject 'CITY' (adjectives=[]): tag or axis constraint not satisfied.
76,CITY,CITY SPREAD,0,1.2032,1.0000,1.0000,1.0000,0.0000,0.0162,Semantic constraint violated: Verb 'SPREAD' is incompatible with subject 'CITY' (adjectives=[]): tag or axis constraint not satisfied.
77,CITY,CITY BURN,0,1.2567,1.0000,1.0000,1.0000,0.0000,0.2836,Semantic constraint violated: Verb 'BURN' is incompatible with subject 'CITY' (adjectives=[]): tag or axis constraint not satisfied.
78,CITY,CITY FALL,0,1.2676,1.0000,1.0000,1.0000,0.0000,0.3378,Semantic constraint violated: Verb 'FALL' is incompatible with subject 'CITY' (adjectives=[]): tag or axis constraint not satisfied.
79,CITY,CITY FALL,0,1.2676,1.0000,1.0000,1.0000,0.0000,0.3378,Semantic constraint violated: Verb 'FALL' is incompatible with subject 'CITY' (adjectives=[]): tag or axis constraint not satisfied.
80,CITY,CITY GROW,0,1.2480,1.0000,1.0000,1.0000,0.0000,0.2399,Semantic constraint violated: Verb 'GROW' is incompatible with subject 'CITY' (adjectives=[]): tag or axis constraint not satisfied.
81,CITY,CITY BURN FALL,0,1.2610,1.0000,1.0000,1.0000,0.0000,0.3050,Semantic constraint violated: Verb 'BURN' is incompatible with subject 'CITY' (adjectives=[]): tag or axis constraint not satisfied.
82,CITY,CITY FALL SPREAD,0,1.2110,1.0000,1.0000,1.0000,0.0000,0.0549,Semantic constraint violated: Verb 'FALL' is incompatible with subject 'CITY' (adjectives=[]): tag or axis constraint not satisfied.
83,CITY,CITY BURN,0,1.2567,1.0000,1.0000,1.0000,0.0000,0.2836,Semantic constraint violated: Verb 'BURN' is incompatible with subject 'CITY' (adjectives=[]): tag or axis constraint not satisfied.
84,CITY,CITY FALL,0,1.2676,1.0000,1.0000,1.0000,0.0000,0.3378,Semantic constraint violated: Verb 'FALL' is incompatible with subject 'CITY' (adjectives=[]): tag or axis constraint not satisfied.
85,CITY,CITY BURN RUN,0,1.2629,1.0000,1.0000,1.0000,0.0000,0.3145,Semantic constraint violated: Verb 'BURN' is incompatible with subject 'CITY' (adjectives=[]): tag or axis constraint not satisfied.
86,CITY,CITY FALL,0,1.2676,1.0000,1.0000,1.0000,0.0000,0.3378,Semantic constraint violated: Verb 'FALL' is incompatible with subject 'CITY' (adjectives=[]): tag or axis constraint not satisfied.
87,CITY,CITY BURN,0,1.2567,1.0000,1.0000,1.0000,0.0000,0.2836,Semantic constraint violated: Verb 'BURN' is incompatible with subject 'CITY' (adjectives=[]): tag or axis constraint not satisfied.
88,CITY,CITY FALL,0,1.2676,1.0000,1.0000,1.0000,0.0000,0.3378,Semantic constraint violated: Verb 'FALL' is incompatible with subject 'CITY' (adjectives=[]): tag or axis constraint not satisfied.
89,CITY,CITY BURN,0,1.2567,1.0000,1.0000,1.0000,0.0000,0.2836,Semantic constraint violated: Verb 'BURN' is incompatible with subject 'CITY' (adjectives=[]): tag or axis constraint not satisfied.
90,CITY,CITY BURN,0,1.2567,1.0000,1.0000,1.0000,0.0000,0.2836,Semantic constraint violated: Verb 'BURN' is incompatible with subject 'CITY' (adjectives=[]): tag or axis constraint not satisfied.
91,CITY,CITY FALL,0,1.2676,1.0000,1.0000,1.0000,0.0000,0.3378,Semantic constraint violated: Verb 'FALL' is incompatible with subject 'CITY' (adjectives=[]): tag or axis constraint not satisfied.
92,CITY,CITY BURN,0,1.2567,1.0000,1.0000,1.0000,0.0000,0.2836,Semantic constraint violated: Verb 'BURN' is incompatible with subject 'CITY' (adjectives=[]): tag or axis constraint not satisfied.
93,CITY,CITY BURN,0,1.2567,1.0000,1.0000,1.0000,0.0000,0.2836,Semantic constraint violated: Verb 'BURN' is incompatible with subject 'CITY' (adjectives=[]): tag or axis constraint not satisfied.
94,CITY,CITY BURN,0,1.2567,1.0000,1.0000,1.0000,0.0000,0.2836,Semantic constraint violated: Verb 'BURN' is incompatible with subject 'CITY' (adjectives=[]): tag or axis constraint not satisfied.
95,CITY,CITY FALL,0,1.2676,1.0000,1.0000,1.0000,0.0000,0.3378,Semantic constraint violated: Verb 'FALL' is incompatible with subject 'CITY' (adjectives=[]): tag or axis constraint not satisfied.
96,CITY,CITY GROW,0,1.2480,1.0000,1.0000,1.0000,0.0000,0.2399,Semantic constraint violated: Verb 'GROW' is incompatible with subject 'CITY' (adjectives=[]): tag or axis constraint not satisfied.
97,CITY,CITY BURN,0,1.2567,1.0000,1.0000,1.0000,0.0000,0.2836,Semantic constraint violated: Verb 'BURN' is incompatible with subject 'CITY' (adjectives=[]): tag or axis constraint not satisfied.
98,CITY,CITY BURN,0,1.2567,1.0000,1.0000,1.0000,0.0000,0.2836,Semantic constraint violated: Verb 'BURN' is incompatible with subject 'CITY' (adjectives=[]): tag or axis constraint not satisfied.
99,CITY,CITY FALL,0,1.2676,1.0000,1.0000,1.0000,0.0000,0.3378,Semantic constraint violated: Verb 'FALL' is incompatible with subject 'CITY' (adjectives=[]): tag or axis constraint not satisfied.
100,CITY,CITY FALL,0,1.2676,1.0000,1.0000,1.0000,0.0000,0.3378,Semantic constraint violated: Verb 'FALL' is incompatible with subject 'CITY' (adjectives=[]): tag or axis constraint not satisfied.
