episode,prefix,completion,valid,reward,grammar_reward,tag_reward,axis_reward,noun_tag_dist,verb_tag_dist,adj_tag_dist,loss,baseline
1,WOLF THINK SHARP DORMANT BIRD,,1,0.3000,0.0000,1.0000,0.0000,1.0000,1.0000,1.0000,5.7904,0.0150
2,STRONG STRANGER RUN,,1,0.3000,0.0000,1.0000,0.0000,1.0000,1.0000,1.0000,3.1811,0.0292
3,CAR FALL,CARRY CHOOSE DOG OUTCAST,0,1.2962,1.0000,0.9333,0.0810,1.0000,0.8000,1.0000,8.0690,0.0926
4,WOLF HEAR LAW GROW,WOLF BREAK COMPLEX LEADER SEE ELDER PATTERN DULL VAST CONNECTED DENSE LANGUAGE PRISON PROUD BROKEN,0,1.2076,1.0000,0.6889,0.0046,0.6667,0.4000,1.0000,17.4787,0.1483
5,DRONE HEAR DRONE COMPUTE SIMPLE,ASK FALL,0,1.3293,1.0000,1.0000,0.1466,1.0000,1.0000,1.0000,20.3564,0.2074
6,METAL BURN,WOLF HEAR DRONE CARRY DOG BRIDGE SOLDIER,0,1.2012,1.0000,0.6000,0.1061,1.0000,0.8000,0.0000,6.1741,0.2571
7,SOLDIER,FALL UPDATE BREAK COMPUTE MEMORY FOOD LEADER,0,1.1709,1.0000,0.5556,0.0211,0.6667,1.0000,0.0000,4.5028,0.3028
8,DIRTY STONE,FALL CHOOSE CHAOTIC CHOICE MOUNTAIN,0,1.3093,1.0000,0.8889,0.2133,1.0000,1.0000,0.6667,8.6019,0.3531
9,DEAD WEAPON,LEADER DULL ALGORITHM ELDER FALL SHARP TRADE ACTIVE,0,1.3978,1.0000,0.8667,0.6892,1.0000,1.0000,0.6000,8.2777,0.4053
10,WOOD BURN,FAIL BRIDGE RULE ACTIVE,0,1.3667,1.0000,1.0000,0.3335,1.0000,1.0000,1.0000,5.5489,0.4534
11,STRONG STRANGER BURN,,1,0.3000,0.0000,1.0000,0.0000,1.0000,1.0000,1.0000,-1.5979,0.4457
12,DULL MAP GROW,ELDER WOLF TRUST HEAR STRANGER SEED CORRUPTED INSECT SPREAD MOVE CAMERA BURN WEAPON SMALL FREE,0,1.2743,1.0000,0.8737,0.0609,0.8750,0.8889,0.8571,8.0280,0.4872
13,LIE GROW,FIRE MOVE SLOW FREE BUILD BURN FORGET,0,1.3038,1.0000,0.9524,0.0906,1.0000,0.8571,1.0000,4.4661,0.5280
14,CLOCK HEAR CALM WOLF UPDATE,MAN CARRY FAST ASHAMED WOLF,0,1.2303,1.0000,0.7000,0.1015,0.6000,1.0000,0.5000,11.7986,0.5631
15,CLEAN MAN SEE FAMOUS COMPLEX,COMPLEX ANGRY BURN BREAK BROKEN ENCRYPTED VAST CONNECTED COMPLEX CLEAN CAR WANT FOOD GROW INSECT,0,1.2441,1.0000,0.7635,0.0754,0.8571,0.8333,0.6000,13.3197,0.5972
16,AUTOMATED SENSOR,ERROR GROW TRAPPED UPDATE RIVER PHONE BIRD SHARP CHILD CHOICE KNOW,0,1.2952,1.0000,0.9333,0.0762,0.8000,1.0000,1.0000,5.5463,0.6321
17,BORDER,SEED FALL,0,1.2714,1.0000,0.6667,0.3568,1.0000,1.0000,0.0000,3.0125,0.6640
18,DEAD MAP,CHOICE SENSOR GROW,0,1.3861,1.0000,1.0000,0.4307,1.0000,1.0000,1.0000,5.5464,0.7001
19,REBELLIOUS LEADER,,0,1.2000,1.0000,0.6667,0.0000,1.0000,0.0000,1.0000,3.4994,0.7251
20,PLAN UPDATE ORDERED SLOW CAR,OBEDIENT ELDER,0,1.3255,1.0000,1.0000,0.1275,1.0000,1.0000,1.0000,9.0480,0.7551
21,DULL CAMERA FAIL,FALL FALL,0,1.3737,1.0000,1.0000,0.3687,1.0000,1.0000,1.0000,5.9562,0.7861
22,ROAD,SPREAD,0,1.2159,1.0000,0.6667,0.0794,1.0000,1.0000,0.0000,1.9844,0.8076
23,CHOICE,FALL,0,1.3000,1.0000,0.6667,0.5000,1.0000,1.0000,0.0000,2.3493,0.8322
24,CLEAN MOUNTAIN,FALL,0,1.3087,1.0000,1.0000,0.0436,1.0000,1.0000,1.0000,4.0066,0.8560
25,OUTCAST WOMAN,WOLF WOLF SOLDIER REBELLIOUS BIG ANGRY ENGINE MOVE HOME DORMANT BUILD HAPPY,0,1.2774,1.0000,0.8677,0.0855,0.7143,1.0000,0.8889,3.3218,0.8771
26,BIRD BURN,,1,0.2000,0.0000,0.6667,0.0000,1.0000,1.0000,0.0000,-4.7459,0.8432
27,PHONE FALL,FREE EAT SIMPLE TRUTH SEE SLOW POISON CHOICE BREAK FREE SHARP ISOLATED SECRET CONNECTED WATER,0,1.2920,1.0000,0.9444,0.0435,1.0000,0.8333,1.0000,2.6299,0.8657
28,CORRUPTED COMPUTER FAIL,TRAPPED SEED,0,1.3487,1.0000,1.0000,0.2434,1.0000,1.0000,1.0000,4.9643,0.8898
29,TRAPPED WOLF MOVE SLOW SOLDIER,FAIL DENSE PHONE GUARD WANT REBELLIOUS VAST ISOLATED WOLF ROOM TRUSTED ENCRYPTED BIG TIME SAD,0,1.2458,1.0000,0.7980,0.0320,0.6667,1.0000,0.7273,6.1393,0.9076
30,COMPUTER UPDATE CAR,BROKEN EAT FORGET DULL PHONE SAD POWER,0,1.2806,1.0000,0.8667,0.1029,0.6000,1.0000,1.0000,3.6162,0.9263
31,ANGRY MAN,BREAK COMPUTE HEAR FORGET INSECT SECRET CHILD KEY BIG BRIDGE FOREST MOVE REBELLIOUS SPREAD SIMPLE,0,1.2869,1.0000,0.8750,0.1221,0.7500,1.0000,0.8750,2.5544,0.9443
32,ERROR GROW,FOLLOW MOVE HEAR ORDERED CAT GROW,0,1.3049,1.0000,0.9048,0.1673,1.0000,0.7143,1.0000,2.0507,0.9623
33,MAP GROW,,1,0.2000,0.0000,0.6667,0.0000,1.0000,1.0000,0.0000,-4.5584,0.9242
34,MARKET,MOVE CONNECTED TRAPPED HEAVY RULE CHILD RUN RUN KEY FALL GUARD CAR,0,1.3322,1.0000,1.0000,0.1608,1.0000,1.0000,1.0000,1.9831,0.9446
35,FOOD FALL,CHILD FOOD BIG BURN,0,1.2180,1.0000,0.7222,0.0067,0.5000,0.6667,1.0000,1.5372,0.9583
36,SIMPLE LIE,FALL DENSE SEED CROWD DEBT FOLLOW BUILD BIRD OPTIMAL MOVE TRAPPED,0,1.3398,1.0000,0.9107,0.3328,0.8750,1.0000,0.8571,3.1496,0.9774
37,SLOW SENSOR FALL,RUN SPREAD POWER BOOK BIRD,0,1.2805,1.0000,0.8333,0.1525,1.0000,0.5000,1.0000,2.6609,0.9925
38,CHAOTIC LAW GROW,CHOOSE,0,1.3447,1.0000,1.0000,0.2234,1.0000,1.0000,1.0000,3.3669,1.0101
39,IDENTITY,HEAR HAPPY DUST SEE PROUD,0,1.3286,1.0000,1.0000,0.1432,1.0000,1.0000,1.0000,1.6207,1.0260
40,LIE GROW,CHILD GUARD DENSE SPREAD FOOD,0,1.3097,1.0000,1.0000,0.0485,1.0000,1.0000,1.0000,1.4564,1.0402
41,SAD ELDER TRADE SLOW HEAVY,WOLF ANGRY SECRET PATTERN HEAR BRIDGE STONE,0,1.2719,1.0000,0.8519,0.0819,0.8889,1.0000,0.6667,4.0223,1.0518
42,CLEAN ROAD,STRANGER SYSTEM GROW HEAR ROOM SAD,0,1.2860,1.0000,0.8889,0.0967,0.6667,1.0000,1.0000,1.7849,1.0635
43,ORDERED SENSOR,LEADER MOVE OPTIMAL LEADER FAIL KEY SMALL BURN IMAGINE,0,1.2500,1.0000,0.7667,0.1000,0.8000,1.0000,0.5000,1.5766,1.0728
44,SMALL HORSE HEAR COMPLEX POWER,,1,0.3000,0.0000,1.0000,0.0000,1.0000,1.0000,1.0000,-15.8342,1.0342
45,HAPPY BIRD BUILD FIRE TRADE,HAPPY,0,1.2279,1.0000,0.6667,0.1396,1.0000,1.0000,0.0000,3.4972,1.0439
46,HEAVY MAP BURN,FALL STRANGER CAMERA FOLLOW COMPUTE CAMERA GENERATE FAMOUS DUST,0,1.2877,1.0000,0.9107,0.0723,0.8571,0.8750,1.0000,2.3844,1.0561
47,CORRUPTED COMPUTER,PRISON RUN GENERATE ENCRYPTED HEAR TRUSTED UPDATE SLOW COMPUTER GROW SEED GENERATE SOLDIER GROW ELDER,0,1.2441,1.0000,0.7833,0.0453,0.7500,1.0000,0.6000,1.4296,1.0655
48,DEAD WOLF,SEE SMALL CARRY MARKET,0,1.3542,1.0000,1.0000,0.2712,1.0000,1.0000,1.0000,2.1201,1.0799
49,WATER FALL,CROWD,0,1.2342,1.0000,0.6667,0.1712,1.0000,1.0000,0.0000,0.8728,1.0876
50,GUARD SEE CAT BUILD CALM,ENCRYPTED GENERATE WANT ASK RUN HEAR WOOD FOLLOW ASHAMED CAMERA,0,1.2126,1.0000,0.7000,0.0132,1.0000,0.6000,0.5000,2.2878,1.0939
51,PROUD MAN,MARKET HEAR TRAPPED GROW SEE CAT BURN DORMANT DULL ELDER IMAGINE SEE ISOLATED STRANGER,0,1.2806,1.0000,0.8667,0.1030,0.6000,1.0000,1.0000,1.1541,1.1032
52,IDENTITY SPREAD,GROW CLOCK,0,1.2454,1.0000,0.6667,0.2270,1.0000,1.0000,0.0000,0.8439,1.1103
53,DULL BIRD,SLOW INSECT DRONE KEY BUILD PLAN PHONE,0,1.2167,1.0000,0.5833,0.2083,0.7500,1.0000,0.0000,0.8362,1.1156
54,WOMAN CARRY SLOW CAMERA FALL,GROW FIRE FORGET STRANGER BORDER,0,1.2641,1.0000,0.8611,0.0289,0.7500,0.8333,1.0000,2.6753,1.1231
55,SOLDIER BURN,CHILD BREAK SEED MOVE CHANCE SPREAD WEAPON CAMERA,0,1.1362,1.0000,0.4500,0.0059,0.7500,0.6000,0.0000,0.0891,1.1237
56,OPTIMAL COMPUTER,FALL BURN GROW,0,1.3389,1.0000,1.0000,0.1945,1.0000,1.0000,1.0000,1.6144,1.1345
57,DEBT GROW,,1,0.2000,0.0000,0.6667,0.0000,1.0000,1.0000,0.0000,-5.4396,1.0878
58,ENCRYPTED DRONE,BREAK SPREAD DEAD FAMOUS ENCRYPTED,0,1.2941,1.0000,0.8667,0.1704,1.0000,1.0000,0.6000,1.6813,1.0981
59,WOMAN TRADE PROUD ASHAMED WOMAN,OUTCAST,0,1.4452,1.0000,0.9167,0.8512,1.0000,1.0000,0.7500,5.3526,1.1154
60,DIRTY ROOM,ALGORITHM SPREAD KEY SIMPLE FEAR TALK,0,1.3305,1.0000,0.8889,0.3189,1.0000,1.0000,0.6667,1.7392,1.1262
61,LIE SPREAD,FALL POISON,0,1.2571,1.0000,0.6667,0.2855,1.0000,1.0000,0.0000,0.7052,1.1327
62,SYSTEM FAIL,AUTOMATED ELDER PRISON COMPUTER WOLF PROUD SEED ENGINE STRANGER SPREAD SEED HEAR SOLDIER CALM SIGNAL,0,1.3091,1.0000,0.9077,0.1838,0.9231,0.8000,1.0000,1.0860,1.1415
63,CAR MOVE WOLF SEE ROAD,IDENTITY CONNECTED WEAPON,0,1.3167,1.0000,0.9630,0.1388,0.8889,1.0000,1.0000,2.7488,1.1503
64,BIG CAMERA GENERATE MEMORY UPDATE,SEED MOVE WEAK CORRUPTED BREAK STRANGER DIRTY LEADER BURN ALGORITHM UPDATE CHAOTIC COMPLEX MAP,0,1.2917,1.0000,0.8556,0.1751,0.9000,0.6667,1.0000,2.3606,1.1574
65,OBEDIENT STRANGER FORGET TIME FOLLOW,DEAD FALL METAL HEAR TOOL TRUST WOMAN FREE,0,1.2033,1.0000,0.6409,0.0549,0.7143,0.8750,0.3333,0.8595,1.1597
66,SENSOR UPDATE OPTIMAL WEAK CAMERA,UPDATE WEAK CHANCE NETWORK HOME,0,1.1494,1.0000,0.4524,0.0685,0.8571,0.0000,0.5000,-0.1505,1.1592
67,HEAVY STONE,SPREAD MOVE,0,1.3324,1.0000,1.0000,0.1619,1.0000,1.0000,1.0000,1.3942,1.1678
68,OPTIMAL NETWORK,RULE CHOICE LAW SPREAD FOLLOW FAIL MOVE TRAPPED GENERATE HAPPY SLOW FIRE LAW SPREAD,0,1.2878,1.0000,0.9524,0.0106,1.0000,1.0000,0.8571,1.0210,1.1738
69,HAPPY WOLF TRUST CLEAN DIRTY,ORDERED KEY SLOW PHONE BURN ROAD,0,1.2714,1.0000,0.8000,0.1569,1.0000,1.0000,0.4000,1.7329,1.1787
70,WOOD FALL,HEAR BURN GUARD ORDERED BORDER POISON,0,1.2969,1.0000,0.8857,0.1560,0.8571,0.8000,1.0000,0.6255,1.1846
71,STONE BURN,MOVE ENCODE,0,1.2227,1.0000,0.6000,0.2134,1.0000,0.8000,0.0000,0.2143,1.1865
72,ERROR GROW,MOVE UPDATE DRONE LEADER,0,1.2003,1.0000,0.6000,0.1015,1.0000,0.8000,0.0000,0.0790,1.1872
73,TRAPPED SOLDIER BURN,FAMOUS,0,1.3885,1.0000,1.0000,0.4423,1.0000,1.0000,1.0000,1.8020,1.1973
74,ELDER SEE CLOCK ASK MAN,STRONG PATTERN HOME FALL TRAPPED DOG SPREAD CARRY WEAK COMPUTER HEAR BREAK DEBT HEAR ANGRY,0,1.2693,1.0000,0.8727,0.0372,0.8182,0.8000,1.0000,1.3477,1.2009
75,MAN FORGET CHOICE THINK INSECT,SECRET PHONE POWER KNOW CORRUPTED ISOLATED BRIDGE SEED EAT,0,1.2458,1.0000,0.8056,0.0204,0.9167,0.5000,1.0000,0.8657,1.2031
76,CAMERA FALL,SOLDIER BURN BROKEN SECRET COMPLEX RIVER BIG FOOD BURN CORRUPTED WOMAN,0,1.2742,1.0000,0.8889,0.0375,1.0000,0.6667,1.0000,0.4494,1.2067
77,WOLF FALL,CHILD NETWORK OUTCAST CARRY BROKEN HELP OUTCAST BURN BORDER KEY FALL EAT BIRD FAIL FALL,0,1.2571,1.0000,0.8426,0.0214,0.7500,0.7778,1.0000,0.3498,1.2092
78,HEAVY CHILD,CAR,0,1.2144,1.0000,0.6667,0.0718,1.0000,0.0000,1.0000,0.0423,1.2094
79,BIRD FOLLOW DRONE BREAK CHAOTIC,OBEDIENT,0,1.4076,1.0000,1.0000,0.5382,1.0000,1.0000,1.0000,3.4889,1.2193
80,HAPPY ELDER,FALL ROAD ASK DORMANT ACTIVE ACTIVE BURN TALK WARN POWER FALL BROKEN SECRET CLOCK GROW,0,1.3136,1.0000,1.0000,0.0681,1.0000,1.0000,1.0000,0.6865,1.2241
81,MAN FALL,HAPPY DOG FREE MOVE SENSOR CHANCE OUTCAST SEE INSECT FAST OPTIMAL FAIL IMAGINE UPDATE,0,1.3028,1.0000,0.9153,0.1411,0.8571,0.8889,1.0000,0.5615,1.2280
82,DRONE ENCODE CORRUPTED COMPLEX SIGNAL,MOVE,0,1.3702,1.0000,1.0000,0.3509,1.0000,1.0000,1.0000,2.1585,1.2351
83,NETWORK SPREAD,UPDATE DEBT FALL,0,1.1806,1.0000,0.6000,0.0032,1.0000,0.8000,0.0000,-0.3367,1.2324
84,WEAPON FALL,TRUST MARKET BREAK,0,1.2168,1.0000,0.6000,0.1838,1.0000,0.8000,0.0000,-0.0926,1.2316
85,NETWORK,GUARD SPREAD,0,1.2067,1.0000,0.6667,0.0335,1.0000,1.0000,0.0000,-0.1252,1.2304
86,WOMAN WARN SLOW HEAVY,DRONE FALL BORDER HEAR WEAPON SEE VAST DIRTY GUARD LAW SEE ROOM ORDERED CHILD FALL,0,1.2506,1.0000,0.7831,0.0784,0.7778,1.0000,0.5714,0.2894,1.2314
87,DULL FOOD,IDENTITY LAW POWER BRIDGE,0,1.2501,1.0000,0.6667,0.2507,1.0000,0.0000,1.0000,0.1451,1.2323
88,SHARP STRANGER BURN,GROW,0,1.2736,1.0000,0.8889,0.0346,1.0000,0.6667,1.0000,0.4692,1.2344
89,SAD WOMAN BURN,CAMERA COMPUTE GUARD BURN HEAR VAST FEAR WANT MOUNTAIN GROW GENERATE BROKEN ALGORITHM HEAR WOOD,0,1.2724,1.0000,0.8653,0.0642,0.8182,0.7778,1.0000,0.3940,1.2363
90,SIMPLE,CHILD FALL FAIL BURN FALL ANGRY,0,1.4048,1.0000,0.8889,0.6905,1.0000,1.0000,0.6667,0.7304,1.2447
91,ROAD,FALL,0,1.2333,1.0000,0.6667,0.1667,1.0000,1.0000,0.0000,-0.0475,1.2441
92,CHOICE GROW,TRUST SHARP CLEAN GUARD HAPPY ENGINE FORGET BURN MARKET DORMANT THINK GUARD TOOL ORDERED FOOD,0,1.2919,1.0000,0.9444,0.0430,1.0000,0.8333,1.0000,0.2368,1.2465
93,TRUTH GROW,FALL FALL DRONE,0,1.1976,1.0000,0.5556,0.1545,1.0000,0.6667,0.0000,-0.3024,1.2441
94,FIRE GROW,GROW SENSOR DEAD FALL HEAR LEADER,0,1.2616,1.0000,0.8667,0.0081,1.0000,0.6000,1.0000,0.1192,1.2450
95,ASHAMED WOMAN SEE PHONE BREAK,ASHAMED ORDERED IDENTITY HEAR HEAVY COMPUTER ENCODE KEY ENCODE HORSE MOVE MEMORY WEAPON BROKEN BREAK,0,1.1937,1.0000,0.6151,0.0459,0.6667,0.4286,0.7500,-0.8372,1.2424
96,CHILD SEE WOMAN FALL,TRUST ORDERED METAL DOG BIRD UPDATE WANT RULE SOLDIER ASK BURN GUARD EAT,0,1.2618,1.0000,0.8492,0.0351,0.7143,0.8333,1.0000,0.2729,1.2434
97,SIMPLE SEED,CAR CLOCK FOREST BURN ALGORITHM TALK FORGET,0,1.3455,1.0000,1.0000,0.2274,1.0000,1.0000,1.0000,0.8473,1.2485
98,SIMPLE PHONE MOVE DEAD DULL,FALL RUN HORSE ASK FALL HEAR CONNECTED FEAR WOLF PATTERN FALL LEADER VAST WATER,0,1.3338,1.0000,0.9524,0.2403,1.0000,0.8571,1.0000,1.3495,1.2527
99,LANGUAGE SPREAD,EAT SENSOR TOOL GENERATE,0,1.2240,1.0000,0.6000,0.2202,1.0000,0.8000,0.0000,-0.1791,1.2513
100,OUTCAST FOOD,FALL,0,1.3127,1.0000,1.0000,0.0636,1.0000,1.0000,1.0000,0.4539,1.2544
101,CROWD BURN,FALL GROW SENSOR BREAK ROOM BIRD,0,1.1391,1.0000,0.4524,0.0168,0.8571,0.5000,0.0000,-0.9317,1.2486
102,DUST,BROKEN ENGINE CROWD MOUNTAIN TOOL COMPUTE DULL PLAN SEE LANGUAGE CHILD BREAK WARN CARRY FIRE,0,1.3153,1.0000,0.9722,0.1181,0.9167,1.0000,1.0000,0.3632,1.2519
103,ENGINE UPDATE PLAN MOVE POISON,SPREAD,0,1.1999,1.0000,0.6000,0.0995,1.0000,0.8000,0.0000,-0.9345,1.2493
104,SAD HORSE BURN,,1,0.3000,0.0000,1.0000,0.0000,1.0000,1.0000,1.0000,-9.0553,1.2019
105,STONE FALL,ENCODE GROW TALK FORGET,0,1.2325,1.0000,0.6296,0.2182,1.0000,0.8889,0.0000,0.1507,1.2034
106,CORRUPTED SIGNAL GROW,MOVE HAPPY INSECT HOME CLEAN SOLDIER CHOOSE WEAK FIRE TOOL FOREST DEBT REBELLIOUS,0,1.2777,1.0000,0.8579,0.1016,0.9167,0.8000,0.8571,0.6424,1.2071
107,ENCRYPTED MAP BURN,RUN WOOD TOOL SEE DORMANT CONNECTED OPTIMAL,0,1.2249,1.0000,0.7167,0.0493,0.7500,0.8000,0.6000,0.1699,1.2080
108,DRONE GENERATE PATTERN FAIL,ENGINE STRONG SYSTEM BURN CHOICE AUTOMATED OBEDIENT GROW MOVE WARN FOLLOW,0,1.2665,1.0000,0.8000,0.1327,0.4000,1.0000,1.0000,0.7394,1.2109
109,FOOD FALL,TIME LEADER RUN WOMAN SPREAD ROOM CHILD BIRD,0,1.1712,1.0000,0.5000,0.1058,1.0000,0.5000,0.0000,-0.1998,1.2089
110,SLOW INSECT,DIRTY,0,1.2316,1.0000,0.3333,0.6581,1.0000,0.0000,0.0000,0.1855,1.2101
111,COMPLEX SENSOR,WOOD CITY WEAPON FEAR MAP MOVE HEAVY MARKET,0,1.3202,1.0000,0.9630,0.1564,0.8889,1.0000,1.0000,0.8641,1.2156
112,CONNECTED MAP GROW,LEADER,0,1.3227,1.0000,1.0000,0.1136,1.0000,1.0000,1.0000,1.1103,1.2209
113,BIG ROAD,STRONG,0,1.2433,1.0000,0.6667,0.2165,1.0000,0.0000,1.0000,0.1904,1.2221
114,WATER BURN,,1,0.2000,0.0000,0.6667,0.0000,1.0000,1.0000,0.0000,-5.9148,1.1710
115,SYSTEM,TOOL IDENTITY RULE,0,1.0796,1.0000,0.2000,0.0982,0.6000,0.0000,0.0000,-0.4378,1.1664
116,MEMORY FAIL,,1,0.2000,0.0000,0.6667,0.0000,1.0000,1.0000,0.0000,-5.9689,1.1181
117,SIGNAL GROW,SPREAD,0,1.2124,1.0000,0.6667,0.0620,1.0000,1.0000,0.0000,0.5444,1.1228
118,PATTERN GROW,BRIDGE SIMPLE CLEAN DULL HAPPY STRONG CAMERA LEADER WEAPON HOME BURN SPREAD TRADE BIG CAMERA,0,1.3191,1.0000,0.9524,0.1671,1.0000,0.8571,1.0000,1.2070,1.1326
119,FOOD FALL,,1,0.2000,0.0000,0.6667,0.0000,1.0000,1.0000,0.0000,-4.6916,1.0860
120,FOOD FALL,RIVER,0,1.2001,1.0000,0.6667,0.0005,1.0000,1.0000,0.0000,0.5809,1.0917
121,OBEDIENT HORSE MOVE INSECT GROW,,1,0.3000,0.0000,1.0000,0.0000,1.0000,1.0000,1.0000,-13.2649,1.0521
122,MOUNTAIN,CHOOSE GUARD,0,1.2504,1.0000,0.6667,0.2519,1.0000,1.0000,0.0000,0.8568,1.0620
123,CAR FALL,SEE BIG DOG ROBOT,0,1.2861,1.0000,0.9333,0.0304,0.8000,1.0000,1.0000,1.2043,1.0732
124,LIE GROW,CAT,0,1.2299,1.0000,0.6667,0.1495,1.0000,1.0000,0.0000,0.7266,1.0810
125,PHONE HEAR COMPLEX WEAPON HEAR,,0,1.3000,1.0000,1.0000,0.0000,1.0000,1.0000,1.0000,3.5668,1.0920
126,ORDERED LAW,CHILD TRUSTED BROKEN TALK GROW ELDER FOOD CORRUPTED MOVE GUARD FALL BROKEN SAD ELDER MOVE,0,1.3403,1.0000,0.9048,0.3442,1.0000,1.0000,0.7143,2.0422,1.1044
127,BORDER SPREAD,BIG BIRD RUN,0,1.3653,1.0000,1.0000,0.3265,1.0000,1.0000,1.0000,1.5836,1.1175
128,HEAVY BIRD HEAR DRONE HELP,INSECT,1,0.2510,0.0000,0.8333,0.0048,0.5000,1.0000,1.0000,-14.7547,1.0741
129,METAL BURN,,1,0.2000,0.0000,0.6667,0.0000,1.0000,1.0000,0.0000,-5.4105,1.0304
130,SMALL KEY FAIL,SENSOR TALK FALL,0,1.3000,1.0000,0.8889,0.1668,0.6667,1.0000,1.0000,2.8500,1.0439
131,CHAOTIC MEMORY,,0,1.2000,1.0000,0.6667,0.0000,1.0000,0.0000,1.0000,1.4827,1.0517
132,DRONE ENCODE ENCRYPTED TIME FALL,STRONG FORGET,0,1.2889,1.0000,0.8889,0.1113,1.0000,1.0000,0.6667,3.5049,1.0636
133,WOOD FALL,CHILD PHONE CHILD FALL DULL TOOL,0,1.1991,1.0000,0.6111,0.0789,0.8333,0.0000,1.0000,0.6692,1.0703
134,NETWORK GROW,GROW POISON FORGET,0,1.1587,1.0000,0.5000,0.0433,1.0000,0.5000,0.0000,0.5211,1.0748
135,MAP BURN,,1,0.2000,0.0000,0.6667,0.0000,1.0000,1.0000,0.0000,-5.7147,1.0310
136,BROKEN CHILD,VAST MAN WANT ENCODE HEAR KEY PATTERN ISOLATED COMPLEX OPTIMAL BURN CHANCE FALL RULE,0,1.3368,1.0000,0.9167,0.3091,0.7500,1.0000,1.0000,2.8163,1.0463
137,DRONE ENCODE RULE FAIL,BUILD CONNECTED BURN,0,1.3383,1.0000,1.0000,0.1917,1.0000,1.0000,1.0000,3.8249,1.0609
138,ROAD,STRONG MAN SEE VAST STONE SPREAD GUARD BREAK SLOW SIGNAL,0,1.3111,1.0000,1.0000,0.0556,1.0000,1.0000,1.0000,1.0201,1.0734
139,DEBT SPREAD,,1,0.2000,0.0000,0.6667,0.0000,1.0000,1.0000,0.0000,-6.0530,1.0298
140,CONNECTED CAR HEAR CAMERA FALL,BETRAY VAST SECRET ERROR,0,1.3005,1.0000,0.9333,0.1024,1.0000,1.0000,0.8000,4.1480,1.0433
141,ORDERED TRUTH GROW,FALL STRONG HAPPY OBEDIENT ALGORITHM SHARP SENSOR MOVE CITY TIME,0,1.2517,1.0000,0.8274,0.0172,0.8750,0.7500,0.8571,1.9229,1.0537
142,OUTCAST CHILD,SPREAD ISOLATED THINK WANT SMALL OBEDIENT IMAGINE ORDERED SHARP SOLDIER BREAK SEED,0,1.2749,1.0000,0.7667,0.2245,0.5000,1.0000,0.8000,1.5917,1.0648
143,TOOL SPREAD,MOVE WEAK NETWORK CAT MOVE WANT OBEDIENT KEY DOG BURN BIG WEAK DEBT SAD MOUNTAIN,0,1.2847,1.0000,0.9259,0.0347,0.7778,1.0000,1.0000,1.6891,1.0758
144,DULL DRONE ENCODE ERROR ENCODE,ROOM,0,1.3924,1.0000,1.0000,0.4619,1.0000,1.0000,1.0000,4.4008,1.0916
145,DORMANT FIRE,ENGINE,0,1.2318,1.0000,0.6667,0.1589,1.0000,0.0000,1.0000,1.2516,1.0986
146,MOUNTAIN,WOOD LEADER FALL RULE KEY,0,1.2184,1.0000,0.6667,0.0922,1.0000,1.0000,0.0000,0.5075,1.1046
147,MARKET,FALL COMPLEX POISON MEMORY KEY TOOL HEAR ELDER FALL,0,1.3210,1.0000,1.0000,0.1049,1.0000,1.0000,1.0000,1.0079,1.1154
148,WEAPON FALL,KNOW ASK GROW CLEAN CHILD BURN CHAOTIC WEAK,0,1.3020,1.0000,0.9583,0.0726,1.0000,0.8750,1.0000,1.0473,1.1247
149,WEAPON,WANT CORRUPTED ENCRYPTED COMPLEX GUARD OBEDIENT GUARD FIRE,0,1.2934,1.0000,0.9333,0.0670,0.8000,1.0000,1.0000,0.7808,1.1332
150,DRONE GENERATE ORDERED SIMPLE TIME,,1,0.3000,0.0000,1.0000,0.0000,1.0000,1.0000,1.0000,-11.4894,1.0915
151,RULE GROW,SEE DOG FALL STONE LAW FAST FOREST ENGINE SPREAD GROW SIMPLE BREAK SMALL PHONE SEE,0,1.2692,1.0000,0.8561,0.0618,0.8182,0.7500,1.0000,0.9972,1.1004
152,MEMORY GROW,SIMPLE AUTOMATED CONNECTED HORSE SECRET COMPLEX HEAVY BROKEN TRUST WOLF FALL,0,1.3014,1.0000,0.9333,0.1068,1.0000,0.8000,1.0000,1.1557,1.1105
153,WEAPON FALL,ACTIVE GROW MOVE SENSOR STRANGER FOLLOW ASK SENSOR UPDATE FORGET,0,1.2967,1.0000,0.9030,0.1290,0.8000,0.9091,1.0000,0.9986,1.1198
154,FOOD BURN,FOLLOW SEE OUTCAST MOVE ASHAMED CLOCK STRANGER CARRY FREE SAD BIRD FOLLOW,0,1.2998,1.0000,0.9524,0.0704,1.0000,0.8571,1.0000,1.1887,1.1288
155,DEAD CROWD,GUARD SENSOR,0,1.2079,1.0000,0.5000,0.2895,0.5000,0.0000,1.0000,0.6594,1.1327
156,WOOD FALL,MAP,0,1.2027,1.0000,0.5556,0.1802,0.6667,1.0000,0.0000,0.3315,1.1362
157,CAMERA FALL,TRUSTED CAR CITY,0,1.3009,1.0000,0.9333,0.1044,0.8000,1.0000,1.0000,0.9367,1.1445
158,STONE FALL,CHANCE RUN CHAOTIC BUILD SAD KEY FORGET HEAVY GUARD SLOW SOLDIER GROW WEAPON BETRAY SEE,0,1.2827,1.0000,0.8783,0.0960,0.8571,0.7778,1.0000,0.6540,1.1514
159,LIE GROW,BREAK WOLF,0,1.1888,1.0000,0.5556,0.1106,1.0000,0.6667,0.0000,0.1627,1.1532
160,WEAPON GROW,SENSOR DEBT,0,1.2059,1.0000,0.6000,0.1295,0.8000,1.0000,0.0000,0.2745,1.1559
161,REBELLIOUS ELDER,BIG COMPUTER SPREAD,0,1.3622,1.0000,1.0000,0.3112,1.0000,1.0000,1.0000,1.3795,1.1662
162,INSECT,MOVE COMPLEX DUST BURN FOLLOW CROWD BORDER CHILD MOVE SIMPLE INSECT,0,1.2734,1.0000,0.9048,0.0097,0.7143,1.0000,1.0000,0.5680,1.1715
163,LEADER MOVE STONE SEE FREE,FAIL SEED BUILD WEAPON,0,1.2817,1.0000,0.8968,0.0632,0.8333,0.8571,1.0000,2.0216,1.1771
164,CONNECTED WOLF GROW,INSECT GROW COMPUTER,0,1.1566,1.0000,0.5000,0.0328,0.5000,0.0000,1.0000,-0.2017,1.1760
165,SEED GROW,ANGRY COMPUTER KEY ROOM KNOW ELDER,0,1.3031,1.0000,0.9583,0.0778,0.8750,1.0000,1.0000,0.7549,1.1824
166,DEAD BIRD,WOLF UPDATE BIRD CORRUPTED HEAR NETWORK BUILD BOOK BROKEN DORMANT IMAGINE SOLDIER HEAR COMPLEX HOME,0,1.3466,1.0000,0.7926,0.5439,0.7778,1.0000,0.6000,1.2226,1.1906
167,ORDERED PHONE,DENSE DOG MOVE WOOD WOLF SEE WOLF DUST WATER DULL DENSE UPDATE CHOICE THINK WARN,0,1.3301,1.0000,1.0000,0.1507,1.0000,1.0000,1.0000,1.1273,1.1976
168,OUTCAST BIRD,ATTACK SOLDIER BROKEN OPTIMAL INSECT FIRE WOOD LAW CHILD FAMOUS CHANCE HEAR FREE CLOCK,0,1.3313,1.0000,0.8918,0.3188,0.8182,1.0000,0.8571,0.9371,1.2043
169,DENSE WATER,,0,1.2000,1.0000,0.6667,0.0000,1.0000,0.0000,1.0000,-0.0389,1.2040
170,ENCRYPTED COMPUTER,HORSE,0,1.2539,1.0000,0.6667,0.2697,1.0000,0.0000,1.0000,0.3756,1.2065
171,LAW,MOVE ORDERED SLOW COMPUTER BREAK WANT OBEDIENT STRONG,0,1.3504,1.0000,1.0000,0.2522,1.0000,1.0000,1.0000,0.6185,1.2137
172,DORMANT CLOCK,GENERATE PATTERN WANT FREE ROBOT PRISON OUTCAST,0,1.2816,1.0000,0.8222,0.1747,0.6667,1.0000,0.8000,0.5685,1.2171
173,WEAPON SPREAD,ROBOT,0,1.1883,1.0000,0.5556,0.1083,0.6667,1.0000,0.0000,-0.1814,1.2157
174,CAMERA FAIL,ENCODE SEE COMPUTER OPTIMAL,0,1.1830,1.0000,0.6000,0.0152,0.0000,0.8000,1.0000,-0.2075,1.2141
175,MOUNTAIN,MOVE LANGUAGE GENERATE GUARD PATTERN,0,1.2539,1.0000,0.6667,0.2694,1.0000,1.0000,0.0000,0.1616,1.2160
176,LIE GROW,DRONE BURN VAST OBEDIENT MOVE OBEDIENT LIE PHONE,0,1.2368,1.0000,0.7833,0.0090,0.6000,0.7500,1.0000,0.0870,1.2171
177,BOOK FALL,CLOCK BURN,0,1.1742,1.0000,0.5556,0.0375,1.0000,0.6667,0.0000,-0.2814,1.2149
178,HAPPY,FAMOUS FREE BIRD FALL,0,1.2999,1.0000,0.9333,0.0995,1.0000,1.0000,0.8000,0.3854,1.2192
179,HORSE KNOW SEED WANT GUARD,ANGRY RUN ENCODE VAST CHANCE HEAR CHAOTIC CARRY CHOOSE RIVER EAT,0,1.2923,1.0000,0.9697,0.0067,1.0000,0.9091,1.0000,1.5158,1.2228
180,CLEAN MOUNTAIN,,0,1.2000,1.0000,0.6667,0.0000,1.0000,0.0000,1.0000,-0.1668,1.2217
181,WOMAN FALL,IDENTITY SIMPLE STRONG TOOL,0,1.3105,1.0000,1.0000,0.0524,1.0000,1.0000,1.0000,0.6277,1.2261
182,OPTIMAL DRONE,CONNECTED DRONE MOVE SIMPLE ACTIVE STRANGER STRONG KEY,0,1.2498,1.0000,0.7714,0.0918,0.6000,1.0000,0.7143,0.1730,1.2273
183,DORMANT CLOCK,FIRE WARN KNOW DIRTY FAST TALK IMAGINE BREAK MAP HAPPY,0,1.3477,1.0000,1.0000,0.2383,1.0000,1.0000,1.0000,0.9722,1.2333
184,DULL STONE,HOME COMPUTE MOVE WATER TRAPPED SMALL OBEDIENT,0,1.3268,1.0000,0.9333,0.2341,0.8000,1.0000,1.0000,0.6754,1.2380
185,ROAD,COMPLEX ENCODE UPDATE FREE FAST CAT MOVE BIG DIRTY MOVE BOOK DORMANT,0,1.3181,1.0000,1.0000,0.0904,1.0000,1.0000,1.0000,0.3129,1.2420
186,COMPLEX LANGUAGE,BETRAY,0,1.3547,1.0000,1.0000,0.2737,1.0000,1.0000,1.0000,0.9401,1.2476
187,BIRD ATTACK ROAD FALL,BIRD CROWD FALL ELDER FORGET FOLLOW FALL,0,1.1185,1.0000,0.3905,0.0070,0.6000,0.5714,0.0000,-1.5670,1.2412
188,CHOICE GROW,FAMOUS ENCRYPTED,0,1.3333,1.0000,1.0000,0.1666,1.0000,1.0000,1.0000,0.4685,1.2458
189,WATER,MAP MOVE SMALL ASHAMED GROW INSECT,0,1.2955,1.0000,0.9333,0.0774,0.8000,1.0000,1.0000,0.2466,1.2483
190,SHARP SENSOR SEE COMPLEX ANGRY,FALL SECRET FALL COMPLEX ENCRYPTED PLAN KNOW STRONG CAT ASHAMED FORGET ENCRYPTED TIME ENGINE,0,1.1992,1.0000,0.6536,0.0159,0.8750,0.8000,0.2857,-0.9281,1.2458
191,COMPLEX TIME GROW,BURN,0,1.3049,1.0000,0.8889,0.1913,1.0000,0.6667,1.0000,0.4893,1.2488
192,CLOCK ENCODE PATTERN FALL,,1,0.2000,0.0000,0.6667,0.0000,1.0000,1.0000,0.0000,-11.8475,1.1963
193,CHOICE GROW,CAT SEE DIRTY TRUSTED CALM HAPPY LEADER CROWD HEAR BOOK,0,1.3120,1.0000,1.0000,0.0602,1.0000,1.0000,1.0000,0.5713,1.2021
194,ENCRYPTED CAR SEE CAT HEAR,,0,1.3000,1.0000,1.0000,0.0000,1.0000,1.0000,1.0000,1.6944,1.2070
195,PATTERN SPREAD,GENERATE WANT STRANGER FALL,0,1.2361,1.0000,0.6190,0.2521,1.0000,0.8571,0.0000,0.2039,1.2085
196,OUTCAST WEAPON,FALL CORRUPTED SIMPLE TRAPPED VAST TOOL BURN MOVE,0,1.2148,1.0000,0.6190,0.1456,0.0000,1.0000,0.8571,0.0410,1.2088
197,STRANGER EAT SLOW SAD WOLF,SPREAD DORMANT HEAVY TRAPPED SIMPLE ACTIVE ASHAMED CLOCK BROKEN CLEAN GUARD FALL BURN MEMORY FIRE,0,1.2543,1.0000,0.7704,0.1161,0.7778,0.8333,0.7000,0.6256,1.2111
198,LANGUAGE GROW,DULL COMPLEX,0,1.3748,1.0000,1.0000,0.3741,1.0000,1.0000,1.0000,0.8953,1.2193
199,CAR FALL,FALL HEAR TRUSTED WOOD,0,1.2553,1.0000,0.8333,0.0264,1.0000,0.5000,1.0000,0.1813,1.2211
200,COMPUTER UPDATE CORRUPTED BIG NETWORK,SECRET CHANCE FAIL VAST CAT,0,1.2123,1.0000,0.6889,0.0281,1.0000,0.6667,0.4000,-0.1113,1.2206
201,CHOICE SPREAD,DULL BRIDGE,0,1.3342,1.0000,1.0000,0.1708,1.0000,1.0000,1.0000,0.7167,1.2263
202,WATER FALL,FAIL HORSE MOVE CORRUPTED MEMORY WEAK RULE SEE SEED DEAD,0,1.2942,1.0000,0.9107,0.1052,0.8750,0.8571,1.0000,0.3534,1.2297
203,DEAD MAP,,0,1.2000,1.0000,0.6667,0.0000,1.0000,0.0000,1.0000,-0.2176,1.2282
204,CLEAN SOLDIER GROW,CHAOTIC TRUSTED CHANCE DEAD ORDERED CROWD BURN,0,1.2274,1.0000,0.6746,0.1250,0.5000,0.6667,0.8571,-0.0076,1.2282
205,DEAD CHILD,FALL MAP LANGUAGE FAIL ORDERED BIG CLEAN BUILD FEAR FALL HELP BIG WOMAN BRIDGE,0,1.3699,1.0000,0.9259,0.4604,0.7778,1.0000,1.0000,1.0212,1.2353
206,FIRE SPREAD,UPDATE CONNECTED WOLF ALGORITHM CHOOSE CLOCK FOLLOW FORGET CLEAN EAT MAP KNOW STONE BURN,0,1.2832,1.0000,0.9364,0.0116,0.9000,0.9091,1.0000,0.3515,1.2377
207,ROAD,BURN WOLF,0,1.2137,1.0000,0.6667,0.0687,1.0000,1.0000,0.0000,-0.0936,1.2365
208,OUTCAST HORSE,BURN GENERATE GUARD KEY BURN SENSOR ISOLATED CLEAN GROW,0,1.2645,1.0000,0.7778,0.1557,0.8333,1.0000,0.5000,0.2073,1.2379
209,DEAD TOOL,MOVE SYSTEM,0,1.3978,1.0000,1.0000,0.4888,1.0000,1.0000,1.0000,1.2487,1.2459
210,COMPLEX ELDER SEE OUTCAST CLEAN,,0,1.3000,1.0000,1.0000,0.0000,1.0000,1.0000,1.0000,0.8900,1.2486
211,ISOLATED ROAD,HEAR TRUSTED DRONE TALK,0,1.3288,1.0000,0.8889,0.3107,1.0000,1.0000,0.6667,0.6460,1.2526
212,TRUTH GROW,SPREAD PHONE CITY SPREAD,0,1.2019,1.0000,0.6667,0.0094,1.0000,1.0000,0.0000,-0.2694,1.2500
213,ERROR GROW,,1,0.2000,0.0000,0.6667,0.0000,1.0000,1.0000,0.0000,-5.2717,1.1975
214,LIE GROW,ENCODE CLEAN PHONE SEED BURN HEAR TRUSTED FAST CONNECTED SENSOR,0,1.2881,1.0000,0.9524,0.0120,1.0000,0.8571,1.0000,0.3779,1.2021
215,BIRD BREAK OUTCAST CLEAN CROWD,GROW CORRUPTED PATTERN MOVE BORDER FALL,0,1.2665,1.0000,0.8667,0.0324,1.0000,0.8000,0.8000,0.8910,1.2053
216,DULL METAL,FALL BREAK COMPUTER TRUSTED CROWD HEAR SECRET WATER RUN MOVE ACTIVE STRONG SENSOR,0,1.2822,1.0000,0.8413,0.1492,0.8571,1.0000,0.6667,0.6136,1.2091
217,ERROR GROW,MOVE CLEAN BURN LEADER CHANCE BRIDGE SEE ELDER,0,1.3099,1.0000,0.8968,0.2042,0.8571,0.8333,1.0000,0.5140,1.2142
218,MARKET,MOVE ENCRYPTED CHAOTIC OBEDIENT,0,1.3949,1.0000,1.0000,0.4744,1.0000,1.0000,1.0000,0.8210,1.2232
219,OUTCAST,FEAR COMPUTE TRUSTED WOOD GROW CAR POISON SEE CORRUPTED BIRD BREAK WOMAN HEAR HELP ISOLATED,0,1.3905,1.0000,0.8333,0.7025,1.0000,1.0000,0.5000,0.6442,1.2316
220,LEADER BUILD WEAPON MOVE OUTCAST,DIRTY GROW,0,1.2575,1.0000,0.8056,0.0791,1.0000,0.7500,0.6667,0.4317,1.2329
221,DULL WATER,BREAK POISON CHILD BIRD BURN DOG RULE LEADER SENSOR,0,1.3152,1.0000,0.9259,0.1872,0.7778,1.0000,1.0000,0.6301,1.2370
222,ENCRYPTED COMPUTER,PROUD,0,1.2467,1.0000,0.5556,0.4004,1.0000,0.0000,0.6667,0.0713,1.2375
223,CHAOTIC ROAD,MEMORY,0,1.3370,1.0000,0.6667,0.6849,1.0000,0.0000,1.0000,0.7848,1.2424
224,SOLDIER MOVE SIMPLE DRONE,ROBOT WANT THINK STRANGER MOVE CARRY WOLF CHAOTIC CHOOSE GUARD,0,1.1199,1.0000,0.3889,0.0164,0.5000,0.6667,0.0000,-1.8004,1.2363
225,BORDER SPREAD,WEAPON SPREAD MOVE WEAK DEAD CHANCE REBELLIOUS DIRTY SIMPLE INSECT BURN,0,1.3209,1.0000,0.8190,0.3757,0.8571,0.6000,1.0000,0.5308,1.2405
226,METAL FALL,MAP CHAOTIC ACTIVE ENCRYPTED RULE CHILD BURN,0,1.2792,1.0000,0.8413,0.1341,0.8571,0.6667,1.0000,0.2063,1.2425
227,FOOD FALL,CHANCE HEAVY,0,1.3103,1.0000,1.0000,0.0514,1.0000,1.0000,1.0000,0.3387,1.2459
228,BIRD FOLLOW CLEAN WOLF FALL,,1,0.3000,0.0000,1.0000,0.0000,1.0000,1.0000,1.0000,-15.4061,1.1986
229,REBELLIOUS WOLF,GROW SPREAD BIRD BIRD OBEDIENT CLEAN COMPLEX DRONE CAT TRUTH,0,1.2680,1.0000,0.7556,0.2067,0.6667,1.0000,0.6000,0.4373,1.2021
230,METAL BURN,STRONG HEAR CROWD,0,1.3260,1.0000,1.0000,0.1298,1.0000,1.0000,1.0000,0.8054,1.2082
231,LIE GROW,CAT,0,1.2299,1.0000,0.6667,0.1495,1.0000,1.0000,0.0000,0.0899,1.2093
232,VAST HORSE,,0,1.2000,1.0000,0.6667,0.0000,1.0000,0.0000,1.0000,-0.0968,1.2089
233,FOOD FALL,FALL WEAPON POISON GUARD FOOD,0,1.0717,1.0000,0.2222,0.0252,0.6667,0.0000,0.0000,-0.6742,1.2020
234,CHOICE GROW,FALL DUST CALM SEED ISOLATED HEAR,0,1.3180,1.0000,0.9333,0.1899,1.0000,0.8000,1.0000,0.5227,1.2078
235,CHILD WANT LAW RUN,,1,0.2000,0.0000,0.6667,0.0000,1.0000,1.0000,0.0000,-14.2331,1.1574
236,CAR FALL,,1,0.2000,0.0000,0.6667,0.0000,1.0000,1.0000,0.0000,-4.8568,1.1095
237,PLAN GROW,BURN,0,1.2030,1.0000,0.5556,0.1819,1.0000,0.6667,0.0000,0.5515,1.1142
238,MEMORY GROW,BREAK CROWD HOME SPREAD BUILD TRUSTED STRONG NETWORK,0,1.2993,1.0000,0.9444,0.0799,1.0000,0.8333,1.0000,1.0041,1.1235
239,IDENTITY GROW,,1,0.2000,0.0000,0.6667,0.0000,1.0000,1.0000,0.0000,-4.7908,1.0773
240,CROWD EAT SMALL STONE FORGET,,0,1.3000,1.0000,1.0000,0.0000,1.0000,1.0000,1.0000,3.4782,1.0884
241,CLEAN DOG MOVE STRONG ORDERED,AUTOMATED HELP TIME,0,1.2532,1.0000,0.7778,0.0993,1.0000,1.0000,0.3333,3.3957,1.0967
242,OUTCAST GUARD,FALL ALGORITHM FALL TRADE KEY,0,1.3352,1.0000,1.0000,0.1759,1.0000,1.0000,1.0000,1.5435,1.1086
243,LIE SPREAD,CHANCE,0,1.1695,1.0000,0.5556,0.0144,0.6667,1.0000,0.0000,0.3274,1.1116
244,GUARD GROW,RUN SIMPLE UPDATE,0,1.2810,1.0000,0.9333,0.0049,1.0000,0.8000,1.0000,1.0671,1.1201
245,CHAOTIC HORSE,UPDATE HEAR MEMORY PRISON BIG SENSOR BURN MAN MOUNTAIN KEY,0,1.3506,1.0000,0.9697,0.2984,0.9091,1.0000,1.0000,2.0667,1.1316
246,AUTOMATED DEBT,GROW GROW,0,1.3523,1.0000,1.0000,0.2614,1.0000,1.0000,1.0000,1.9304,1.1427
247,DEAD WOOD,BURN SEE CAR SLOW HEAR ALGORITHM FALL,0,1.3686,1.0000,1.0000,0.3430,1.0000,1.0000,1.0000,1.5567,1.1540
248,FAST CHOICE,SPREAD FALL SEED VAST CHILD WANT HOME CONNECTED MAP,0,1.3216,1.0000,0.9333,0.2082,1.0000,1.0000,0.8000,1.4335,1.1623
249,CHOICE GROW,WATER,0,1.2576,1.0000,0.6667,0.2879,1.0000,1.0000,0.0000,0.4088,1.1671
250,SOLDIER SEE ROBOT MOVE ENCRYPTED,,0,1.3000,1.0000,1.0000,0.0000,1.0000,1.0000,1.0000,2.5136,1.1738
251,DULL CAR,FALL PROUD,0,1.3133,1.0000,1.0000,0.0664,1.0000,1.0000,1.0000,0.9880,1.1807
252,MOUNTAIN,GENERATE FOREST TALK,0,1.1470,1.0000,0.3333,0.2348,0.0000,1.0000,0.0000,-0.1423,1.1790
253,WOLF HEAR ORDERED LIE SPREAD,ELDER SENSOR PROUD ELDER,0,1.2588,1.0000,0.8413,0.0321,0.8571,1.0000,0.6667,1.5354,1.1830
254,FIRE GROW,SPREAD KNOW ACTIVE SPREAD DUST BUILD LEADER FORGET RULE DORMANT DENSE ORDERED THINK DOG GROW,0,1.2755,1.0000,0.8631,0.0828,0.8750,0.7143,1.0000,0.5271,1.1877
255,MAN TRUST BORDER SEE BOOK,DEBT SHARP COMPUTE RULE DIRTY EAT COMPLEX BURN AUTOMATED DULL SAD LEADER CORRUPTED FIRE MOVE,0,1.2598,1.0000,0.8333,0.0490,0.5000,1.0000,1.0000,1.4662,1.1913
256,OPTIMAL CLOCK SEE MARKET SEE,GROW FORGET CHAOTIC FAMOUS ORDERED POISON,0,1.2333,1.0000,0.7667,0.0166,1.0000,0.8000,0.5000,0.6608,1.1934
257,VAST WATER,CARRY WOLF,0,1.3170,1.0000,1.0000,0.0848,1.0000,1.0000,1.0000,1.2344,1.1995
258,SENSOR FAIL,STRANGER CHILD WANT ALGORITHM TRUSTED STONE HOME FALL SEE SECRET OBEDIENT DENSE ROAD GENERATE MOVE,0,1.3238,1.0000,0.9630,0.1747,1.0000,0.8889,1.0000,0.9197,1.2058
259,OPTIMAL GUARD HEAR CAT FALL,DENSE DRONE FALL OBEDIENT ERROR,0,1.2680,1.0000,0.8333,0.0900,1.0000,0.5000,1.0000,1.0558,1.2089
260,AUTOMATED DEBT,SPREAD WOMAN HEAR,0,1.3336,1.0000,1.0000,0.1680,1.0000,1.0000,1.0000,1.0279,1.2151
261,CHAOTIC PATTERN,INSECT,0,1.3378,1.0000,0.6667,0.6890,1.0000,0.0000,1.0000,1.0260,1.2212
262,RIVER,WOOD GROW COMPLEX,0,1.3183,1.0000,1.0000,0.0913,1.0000,1.0000,1.0000,0.5407,1.2261
263,LIE GROW,SEE SIGNAL FORGET,0,1.1712,1.0000,0.5556,0.0227,0.6667,1.0000,0.0000,-0.2312,1.2233
264,DEBT GROW,ASK FIRE HEAR SIGNAL ENCODE SLOW CHANCE KEY SIGNAL CAR COMPLEX STRANGER HEAR REBELLIOUS ROOM,0,1.2989,1.0000,0.9722,0.0361,0.9167,1.0000,1.0000,0.3969,1.2271
265,WOMAN TRUST SMALL DULL CROWD,SEE RUN CAT BREAK WANT SOLDIER SOLDIER CAMERA WEAK VAST STONE SAD STRANGER BETRAY GROW,0,1.2337,1.0000,0.7048,0.1115,0.7143,0.9000,0.5000,0.1191,1.2275
266,FOOD FALL,,1,0.2000,0.0000,0.6667,0.0000,1.0000,1.0000,0.0000,-5.7266,1.1761
267,SENSOR COMPUTE MEMORY SEE OUTCAST,ELDER HELP WOLF ROBOT,0,1.3372,1.0000,0.9583,0.2487,0.8750,1.0000,1.0000,2.4174,1.1841
268,SEED MOVE MOUNTAIN GROW,MOVE ISOLATED RUN,0,1.2633,1.0000,0.8333,0.0667,1.0000,0.5000,1.0000,0.9944,1.1881
269,TRAPPED CROWD GROW,,1,0.3000,0.0000,1.0000,0.0000,1.0000,1.0000,1.0000,-7.8119,1.1437
270,LIE SPREAD,WOLF BUILD WANT SIMPLE ACTIVE SLOW WOMAN COMPUTER MOVE ISOLATED CONNECTED WOOD,0,1.3503,1.0000,1.0000,0.2516,1.0000,1.0000,1.0000,1.0799,1.1540
271,CHAOTIC LEADER,BURN ROBOT SIMPLE ASK ELDER,0,1.1613,1.0000,0.5000,0.0567,0.5000,1.0000,0.0000,0.0621,1.1544
272,FAMOUS MEMORY,REBELLIOUS MOVE ENGINE SPREAD NETWORK FALL PATTERN WOLF,0,1.3339,1.0000,0.9583,0.2321,0.8750,1.0000,1.0000,1.4580,1.1634
273,HEAVY ROBOT SEE OPTIMAL ENGINE,KNOW INSECT WOOD PLAN TRUTH DIRTY SLOW CONNECTED ELDER CROWD FREE SEE WEAK BETRAY MOVE,0,1.2850,1.0000,0.8677,0.1236,1.0000,0.7143,0.8889,2.2517,1.1695
274,HORSE FALL,FAIL CORRUPTED WANT CAMERA DRONE HEAR BIG CAMERA RUN MOVE HEAR METAL DOG STONE MOUNTAIN,0,1.2575,1.0000,0.8426,0.0237,0.7778,0.7500,1.0000,0.6759,1.1739
275,WATER FALL,,1,0.2000,0.0000,0.6667,0.0000,1.0000,1.0000,0.0000,-5.3689,1.1252
276,OUTCAST CAT,WEAK LEADER POWER FIRE,0,1.2458,1.0000,0.5079,0.4672,0.8571,0.0000,0.6667,0.8206,1.1312
277,BORDER GROW,,1,0.2000,0.0000,0.6667,0.0000,1.0000,1.0000,0.0000,-4.8261,1.0846
278,OPTIMAL PHONE,SYSTEM FAIL,0,1.3173,1.0000,1.0000,0.0865,1.0000,1.0000,1.0000,1.8436,1.0963
279,ROBOT SEE MOUNTAIN COMPUTE ERROR,WOMAN,0,1.2457,1.0000,0.6667,0.2287,1.0000,1.0000,0.0000,2.3643,1.1037
280,ELDER FORGET WEAPON SEE FOOD,,1,0.2000,0.0000,0.6667,0.0000,1.0000,1.0000,0.0000,-17.2610,1.0586
281,SYSTEM GROW,SPREAD FALL BUILD,0,1.2027,1.0000,0.6111,0.0967,1.0000,0.8333,0.0000,0.8922,1.0658
282,NETWORK HEAR SECRET TRUTH,HEAR MOUNTAIN MOVE CLOCK FAIL WEAPON COMPLEX PLAN TOOL CAR LEADER,0,1.2628,1.0000,0.8333,0.0640,0.8333,0.6667,1.0000,2.9858,1.0756
283,SMALL WEAPON GROW,,1,0.3000,0.0000,1.0000,0.0000,1.0000,1.0000,1.0000,-7.6302,1.0368
284,CAT,COMPUTER FAIL ENGINE CHAOTIC SEED CALM CAT COMPUTER SEE PATTERN BUILD METAL FORGET DIRTY SAD,0,1.2981,1.0000,0.9333,0.0903,0.8000,1.0000,1.0000,1.2016,1.0499
285,PHONE HEAR SHARP,GROW AUTOMATED TRAPPED TIME TRADE SEE ENCRYPTED GUARD GROW,0,1.2706,1.0000,0.8889,0.0197,1.0000,0.6667,1.0000,2.4968,1.0609
286,GUARD MOVE CORRUPTED NETWORK HEAR,ENCRYPTED HEAVY GROW FOOD THINK,0,1.2487,1.0000,0.8222,0.0099,1.0000,0.6667,0.8000,3.2961,1.0703
287,CONNECTED ENGINE SEE BRIDGE HEAR,FREE ELDER FALL ELDER SEE TRUST,0,1.2774,1.0000,0.8667,0.0870,1.0000,0.6000,1.0000,3.3510,1.0807
288,RIVER,SPREAD MOVE ORDERED FAST,0,1.3404,1.0000,1.0000,0.2019,1.0000,1.0000,1.0000,1.0946,1.0937
289,RULE,SIMPLE CONNECTED BETRAY PROUD GROW KNOW BIG DRONE KNOW DIRTY BURN BORDER FALL,0,1.3142,1.0000,0.9333,0.1709,0.8000,1.0000,1.0000,1.0668,1.1047
290,CHOICE SPREAD,IMAGINE FALL WOMAN BOOK,0,1.2278,1.0000,0.6667,0.1392,1.0000,1.0000,0.0000,0.7119,1.1108
291,LANGUAGE GROW,FOLLOW BROKEN TRADE BREAK SMALL BURN CALM WOLF HEAR RULE,0,1.2807,1.0000,0.8917,0.0659,0.8000,0.8750,1.0000,1.0181,1.1193
292,CONNECTED BIRD,,0,1.2000,1.0000,0.6667,0.0000,1.0000,0.0000,1.0000,0.7218,1.1234
293,ENGINE SEE BROKEN SIMPLE COMPUTER,ACTIVE COMPUTER KEY FOREST SOLDIER,0,1.2325,1.0000,0.7500,0.0376,0.7500,1.0000,0.5000,1.7879,1.1288
294,ISOLATED ROOM,DULL TRUST SECRET ENGINE SMALL POISON DOG CORRUPTED,0,1.3141,1.0000,0.8889,0.2373,1.0000,1.0000,0.6667,1.5553,1.1381
295,STRONG METAL,WOOD FALL ASHAMED INSECT FALL CAR SOLDIER ISOLATED CLEAN FIRE,0,1.2397,1.0000,0.7833,0.0237,0.7500,1.0000,0.6000,0.8252,1.1432
296,SIMPLE PLAN SPREAD,PHONE CORRUPTED SEED COMPLEX CAT FALL TALK KEY SECRET DORMANT DOG FAMOUS CHOICE WOMAN STRONG,0,1.2788,1.0000,0.8307,0.1481,0.7778,1.0000,0.7143,1.3186,1.1500
297,ISOLATED KEY,SEE ASK ACTIVE STONE ENCODE ASK ORDERED ROAD KEY MOVE WEAPON FALL HEAR OUTCAST GUARD,0,1.2598,1.0000,0.7937,0.1084,0.7143,1.0000,0.6667,0.9261,1.1554
298,STRANGER FORGET SMALL DEAD LEADER,HEAVY CALM CAMERA WANT FREE CAT BUILD ACTIVE ROBOT COMPUTER GROW FAIL,0,1.2410,1.0000,0.7778,0.0386,0.8333,0.8750,0.6250,1.4380,1.1597
299,CORRUPTED DRONE,SOLDIER DEAD MOVE,0,1.3226,1.0000,1.0000,0.1131,1.0000,1.0000,1.0000,1.4568,1.1679
300,BIG MOUNTAIN,SENSOR,0,1.2420,1.0000,0.6667,0.2098,1.0000,0.0000,1.0000,0.6021,1.1716
